FILE_ID,mean_degree,global_clustering,global_efficiency
Pitt_0050004,19.9,0.43248834060478414,0.24098596764281116
Pitt_0050006,19.9,0.45865390320602833,0.23084712768304785
Pitt_0050007,19.895,0.5051734018989793,0.2726719770755583
Pitt_0050008,19.9,0.5079032234739476,0.248662312935619
Pitt_0050009,19.9,0.5094189721226673,0.25558483630068324
Pitt_0050010,19.9,0.4482505329917409,0.21688722767628094
Pitt_0050011,19.9,0.4432047167699082,0.20870781175841951
Pitt_0050012,19.895,0.5327840443632239,0.26458158038426516
Pitt_0050013,19.9,0.4490651079263354,0.29251816981194817
Pitt_0050014,19.9,0.49931345625735585,0.2201205234717663
Pitt_0050015,19.9,0.44734383884331086,0.20936631319212087
Pitt_0050016,19.9,0.47914767743821696,0.23904473352770012
Pitt_0050019,19.9,0.475015746378333,0.2526503297390034
Pitt_0050020,19.9,0.4623181604880338,0.26389176774394535
Pitt_0050022,19.9,0.47800064703979295,0.2569798068537205
Pitt_0050024,19.9,0.4248632459077768,0.20077783272855293
Pitt_0050025,19.9,0.48090588331829,0.2664007746013274
Pitt_0050027,19.9,0.4867346394063951,0.24392239832395685
Pitt_0050028,19.9,0.47977491900494496,0.2723949455604477
Pitt_0050030,19.9,0.5093914350112697,0.22105384504730494
Pitt_0050031,19.9,0.4649377203780592,0.26795941401996826
Pitt_0050032,19.9,0.6350710244954979,0.22107025830172475
Pitt_0050033,19.9,0.5836723517446409,0.24123520594997497
Pitt_0050034,19.9,0.5085857339303974,0.24559960148823579
Pitt_0050035,19.9,0.5249902127104267,0.2758117627479908
Pitt_0050037,19.9,0.519497975708502,0.2339483274744875
Pitt_0050040,19.9,0.5361866713355723,0.23623626962739896
Pitt_0050041,19.9,0.5333420225158442,0.22188413569962406
Pitt_0050042,19.9,0.5368788819875776,0.2466653388641819
Pitt_0050043,19.9,0.48718547492556485,0.21844103284431177
Pitt_0050044,19.9,0.6251761555806088,0.19992298399923455
Pitt_0050045,19.696969696969695,0.46383223921140904,0.23561080088638578
Pitt_0050046,19.9,0.5644519645578776,0.2413945342881947
Pitt_0050047,19.9,0.47524174872275354,0.2630780060567887
Pitt_0050048,19.9,0.4606649937264743,0.2586867613298288
Pitt_0050050,19.9,0.5266532095276544,0.2575937371958623
Pitt_0050051,19.895,0.4411456310679612,0.24065790707684107
Pitt_0050052,19.9,0.45728634859395006,0.2836153094037406
Pitt_0050053,19.9,0.4776757034562508,0.31977562852978414
Pitt_0050055,19.895,0.47094402963477455,0.21829558993680964
Pitt_0050056,19.9,0.5616051375631668,0.26856334806404597
Pitt_0050058,19.9,0.48382708585247886,0.2574477012346782
Pitt_0050060,19.9,0.42319190760914077,0.22120612681798918
Olin_0050102,19.9,0.4139511764056114,0.24158180060677667
Olin_0050104,19.9,0.4481087404601415,0.19792405124850554
Olin_0050105,19.9,0.47883035456904005,0.2264635494873283
Olin_0050106,19.9,0.5293302249385672,0.26936890018981896
Olin_0050107,19.9,0.45470744956921905,0.22440583775040104
Olin_0050109,19.9,0.5276224631184285,0.3053108264572077
Olin_0050111,19.9,0.4803243545530804,0.21747597326766477
Olin_0050112,19.895,0.45240387186480563,0.2869864453605747
Olin_0050115,19.9,0.5447263017356475,0.22015567057059646
Olin_0050116,19.9,0.49162437448983215,0.28852237289438565
Olin_0050117,19.9,0.4835317767125406,0.2591744212080109
Olin_0050118,19.9,0.4589443620585489,0.23557079365392355
Olin_0050120,19.9,0.4580327539435346,0.2565957646975231
Olin_0050121,19.9,0.5042502746776152,0.2556066999808038
Olin_0050122,19.9,0.6057415801530438,0.22692337440383664
Olin_0050124,19.9,0.49608750162120097,0.2491473438629849
Olin_0050126,19.9,0.5262492748819093,0.2430244788381773
Olin_0050128,19.9,0.43847387490842854,0.2319624178614456
Olin_0050129,19.9,0.4879540970550437,0.25532481624974956
Olin_0050130,19.9,0.5262577749783481,0.19853934913594254
Olin_0050131,19.9,0.4024364847980008,0.20428049156506123
Olin_0050132,19.9,0.4227129337539432,0.1945706158808839
Olin_0050133,19.9,0.4513199531839265,0.2372044382589487
Olin_0050134,19.9,0.45303921568627453,0.2759668596600536
Olin_0050136,19.9,0.4886895695831218,0.28446646340365966
OHSU_0050142,19.9,0.4641758498500837,0.2570737759974737
OHSU_0050143,19.9,0.5020947036666923,0.26874921036102395
OHSU_0050144,19.9,0.4936745366453895,0.2675537677381431
OHSU_0050145,19.895,0.4484966091183708,0.28062172894699516
OHSU_0050146,19.9,0.4805766435147795,0.2599608358831406
OHSU_0050147,19.9,0.4900387533431581,0.28166759745847314
OHSU_0050148,19.9,0.4734533937019065,0.28154100323399234
OHSU_0050149,19.9,0.5151749408617944,0.2698288283412818
OHSU_0050150,19.9,0.42557371386628096,0.2596889167608306
OHSU_0050152,19.9,0.4719949653870359,0.27616141696249824
OHSU_0050153,19.9,0.46466206896551726,0.2828571853773305
OHSU_0050156,19.9,0.45537792072651595,0.26082815279408056
OHSU_0050157,19.9,0.4643218908272369,0.2848888375701866
OHSU_0050158,19.9,0.5244903957537301,0.2634251256569215
OHSU_0050159,19.9,0.4942219989178326,0.27583458875999356
OHSU_0050160,19.9,0.5713108765602898,0.26096493607246013
OHSU_0050161,19.9,0.4923983684302972,0.2834058414729228
OHSU_0050162,19.9,0.4728445410610661,0.3197779915278024
OHSU_0050163,19.9,0.45683122034138396,0.27047247346910236
OHSU_0050164,19.9,0.46561562196204404,0.2931287416016594
OHSU_0050166,19.9,0.5073803356633432,0.26547855057712005
OHSU_0050167,19.9,0.6574664703958129,0.252988092483948
OHSU_0050168,19.895,0.42075143070415527,0.2731955462184337
OHSU_0050169,19.9,0.5694179943332249,0.27197951004954324
OHSU_0050170,19.9,0.4336689596864071,0.32214310565844695
OHSU_0050171,19.9,0.49308594433747593,0.27546507871062786
SDSU_0050182,19.9,0.4886739203089606,0.24221472263288513
SDSU_0050183,19.9,0.46147989066770795,0.24783844427881463
SDSU_0050184,19.798994974874372,0.4043415744697847,0.1956132215933016
SDSU_0050186,19.9,0.4589408571608912,0.25302149604775614
SDSU_0050187,19.9,0.45056892904111157,0.24255049620151134
SDSU_0050188,19.9,0.47324025596276903,0.2788996687241256
SDSU_0050189,19.9,0.43306466274771227,0.24912112731971206
SDSU_0050190,19.9,0.4443380958181787,0.26175479721399797
SDSU_0050191,19.9,0.4552041403105233,0.31299868775451534
SDSU_0050193,19.9,0.4678839830906529,0.2566805398197012
SDSU_0050194,19.9,0.49371976907473863,0.276524699560077
SDSU_0050195,18.994764397905758,0.48987493253865827,0.2214997530215841
SDSU_0050196,19.9,0.43345368525896416,0.24890027065284145
SDSU_0050197,19.895,0.5070389447673407,0.2741218902076379
SDSU_0050198,19.9,0.49444517796178583,0.25999636471002074
SDSU_0050199,19.9,0.4667380567332488,0.24822346513361188
SDSU_0050200,19.9,0.4294690230183109,0.24552438620634057
SDSU_0050202,19.9,0.5485951174573929,0.28285772968538925
SDSU_0050203,19.895,0.4619832435196476,0.2920099125749694
SDSU_0050204,19.895,0.5001051193104173,0.22818572959598937
SDSU_0050207,19.9,0.506044936127277,0.3099201735642679
SDSU_0050209,17.190751445086704,0.4598708487084871,0.2001821258346023
SDSU_0050210,19.696969696969695,0.46849362890556817,0.23160231599772912
SDSU_0050211,19.696969696969695,0.4657634933097239,0.22878381457643324
SDSU_0050212,19.9,0.48216825292637566,0.2355478212146289
SDSU_0050214,19.9,0.44734013970983344,0.2923196758022662
SDSU_0050216,18.293478260869566,0.44949505642241655,0.17318611392509917
SDSU_0050217,19.9,0.5648795385137428,0.2439364944801366
Trinity_0050232,19.9,0.4631839269274509,0.2646789243462195
Trinity_0050233,19.9,0.4782174700120121,0.2356200167878707
Trinity_0050234,19.9,0.5240149166554342,0.2619417008515167
Trinity_0050235,19.9,0.4848436587567022,0.2723572532922935
Trinity_0050236,19.9,0.4638480965297914,0.25179721462317745
Trinity_0050237,19.9,0.44909292854498334,0.22695734520186714
Trinity_0050239,19.895,0.5446317048713122,0.24873889125151102
Trinity_0050240,19.9,0.5442605678577268,0.24571807989976882
Trinity_0050241,19.9,0.5047282934539706,0.2563133517323826
Trinity_0050243,19.9,0.47861824238693557,0.25477514563715603
Trinity_0050245,19.895,0.48938033720166413,0.24274236618015502
Trinity_0050246,19.9,0.49859953784748967,0.251636541998863
Trinity_0050247,19.9,0.4743375825936061,0.2535773557453813
Trinity_0050248,19.9,0.4183681421446384,0.22091275846642586
Trinity_0050249,19.9,0.47294716740929343,0.25550301348278404
Trinity_0050250,19.9,0.42989528795811516,0.28727138010554065
Trinity_0050251,19.9,0.511169744942832,0.2645061392211145
Trinity_0050252,19.9,0.5326924166053123,0.25807006368236524
Trinity_0050253,19.9,0.48719271443026924,0.2503489272196345
Trinity_0050254,19.9,0.4749883122954652,0.2591449612594433
Trinity_0050255,19.9,0.48137412775093935,0.2834774489345286
Trinity_0050257,19.798994974874372,0.47594285023236527,0.24815381057314723
Trinity_0050259,19.798994974874372,0.4784000624670584,0.24598330255981482
Trinity_0050260,19.9,0.47047826764293504,0.2791668883205798
Trinity_0050261,19.9,0.5358452335005789,0.23371535066413462
Trinity_0050262,19.9,0.5242589357874703,0.3064918929441613
Trinity_0050263,19.9,0.4509681570890938,0.26130564577961285
Trinity_0050264,19.9,0.45711534103784274,0.2422528115815776
Trinity_0050265,19.895,0.5605427974947808,0.28565908356287223
Trinity_0050266,19.9,0.4530193864666122,0.23985483439250943
Trinity_0050267,19.9,0.49854705021940515,0.25642316180384467
Trinity_0050268,19.9,0.5666581827437007,0.27265782347524553
Trinity_0050269,19.9,0.491693247267615,0.2706000398362206
Trinity_0050270,19.9,0.5040543861086084,0.2751750925499727
Trinity_0050271,19.9,0.40958408679927666,0.2876332346297087
UM_1_0050272,19.9,0.49245071429732323,0.22439861249725515
UM_1_0050273,19.895,0.4682857198345342,0.20784118653482336
UM_1_0050274,19.9,0.565734912995187,0.18920406651267652
UM_1_0050275,19.9,0.5131468363549045,0.2399366934490255
UM_1_0050277,19.9,0.5213239623196938,0.22545956946252635
UM_1_0050280,19.9,0.5025114653854553,0.22996321559111324
UM_1_0050282,19.9,0.43163035311795644,0.2605547473656104
UM_1_0050283,19.9,0.7188293395471776,0.25032665031555057
UM_1_0050287,19.895,0.45408895265423244,0.2611136816061991
UM_1_0050288,19.9,0.5304130976905562,0.22752880681067544
UM_1_0050289,19.9,0.5031999609165079,0.24881574611937052
UM_1_0050290,19.895,0.482217282578494,0.26574161579490435
UM_1_0050291,19.9,0.48748394129326117,0.23628951791478225
UM_1_0050292,19.9,0.6110642520466385,0.2680592748036949
UM_1_0050293,19.9,0.4496648076164723,0.24114402906622384
UM_1_0050294,19.9,0.4673652564158424,0.2377606605916304
UM_1_0050295,19.9,0.4690080485000523,0.2286821222718611
UM_1_0050297,19.9,0.4795892812421738,0.2605865435392977
UM_1_0050298,19.9,0.45851868105563426,0.25403518747066506
UM_1_0050301,19.9,0.48262362891014515,0.23003763714958855
UM_1_0050307,19.895,0.48895658796648894,0.2566436699740737
UM_1_0050310,19.9,0.44500411184210525,0.23281260057352607
UM_1_0050312,19.9,0.5026223272433865,0.28721260221179395
UM_1_0050314,19.9,0.4843246058614956,0.2348331481847424
UM_1_0050315,19.9,0.41896756329113927,0.21548623316286933
UM_1_0050316,19.9,0.5081587409375062,0.2591251125784322
UM_1_0050318,19.9,0.5085758918608729,0.24747324651439517
UM_1_0050320,19.9,0.42802588310172907,0.2436950577163037
UM_1_0050322,19.9,0.475409600046071,0.2833220936320054
UM_1_0050324,19.9,0.45433336038302363,0.22966386269099717
UM_1_0050325,19.9,0.4728398536448072,0.2793263367309064
UM_1_0050326,19.9,0.4337334175615919,0.22254192534997105
UM_1_0050327,19.9,0.479614117273413,0.20956286212490866
UM_1_0050329,19.9,0.4628882339605532,0.21221990505632185
UM_1_0050330,19.9,0.5507523018189985,0.2633947352091631
UM_1_0050331,19.9,0.5022746480139536,0.27584675068121184
UM_1_0050332,19.895,0.4818823248026788,0.2733689885754311
UM_1_0050333,19.9,0.5353589248118132,0.24638367488172955
UM_1_0050334,19.9,0.47194627416482504,0.21631008043176816
UM_1_0050335,19.9,0.4502745966196943,0.2209432096900502
UM_1_0050337,19.9,0.5039964639581569,0.2396316527802721
UM_1_0050339,19.9,0.48535136242573246,0.21050668994812574
UM_1_0050342,19.9,0.46288415307647324,0.2602356334258066
UM_1_0050344,19.9,0.5048513851692497,0.2342709632870591
UM_1_0050345,19.9,0.47222466766440707,0.2540785080555154
UM_1_0050346,19.9,0.45339718962159886,0.24246456762106858
UM_1_0050347,19.9,0.44416949523705246,0.23396407044304895
UM_1_0050349,19.9,0.47325741890959283,0.2412415009314942
UM_1_0050350,19.9,0.4307133121308496,0.21792827244164673
UM_1_0050351,19.9,0.5211482132396016,0.2139785421942698
UM_1_0050352,19.9,0.4810683788972,0.27914845887096096
UM_1_0050355,19.9,0.45113537806512655,0.2544761573024688
UM_1_0050358,19.9,0.4756289014316151,0.24667573570531331
UM_1_0050359,19.9,0.49836688188378275,0.2548030553154895
UM_1_0050360,19.9,0.4925751325869181,0.25697620853544
UM_1_0050362,19.9,0.47891450322911766,0.238334268671708
UM_1_0050363,19.9,0.45669859726476386,0.2467742055575568
UM_1_0050364,19.9,0.5460048965056755,0.2638907523418004
UM_1_0050365,19.9,0.5674765755816025,0.2282971455914659
UM_1_0050366,19.9,0.47471551052221356,0.29744707709206886
UM_1_0050367,19.9,0.43435937911076034,0.19780790597031328
UM_1_0050368,19.9,0.4870261504155686,0.2666229427353295
UM_1_0050370,19.9,0.5244116564243437,0.2669533722844076
UM_1_0050372,19.9,0.49969628601180144,0.2193787227600256
UM_1_0050377,19.9,0.4644843442084519,0.239089793835611
UM_1_0050381,19.895,0.5390040450191772,0.21342127246905865
UM_2_0050382,19.9,0.4617500871191974,0.24558233135393376
UM_2_0050385,19.9,0.47171799976578055,0.24232532599085604
UM_2_0050386,19.9,0.44571815273562465,0.21659529979030892
UM_2_0050387,19.9,0.4685771271591465,0.2392390045202156
UM_2_0050388,19.9,0.4891172424953475,0.2641906351266517
UM_2_0050390,19.9,0.4824094332681472,0.23507455357329624
UM_2_0050391,19.9,0.5162933753943217,0.300811447496144
UM_2_0050397,19.9,0.5533348925222716,0.23836987144217903
UM_2_0050399,19.9,0.5348439155595403,0.2469756262631402
UM_2_0050402,19.9,0.4166147859922179,0.2122644664796125
UM_2_0050403,19.9,0.4616656496663583,0.2636597355620673
UM_2_0050404,19.9,0.44420600858369097,0.2332286603901923
UM_2_0050405,19.9,0.44774674866417985,0.22600292519075613
UM_2_0050406,19.9,0.4607249831896815,0.21586516654849036
UM_2_0050408,19.9,0.47062333765259495,0.2380155388107234
UM_2_0050410,19.9,0.5100780080371917,0.22630432685857377
UM_2_0050411,19.9,0.4755708360956507,0.2556634891036328
UM_2_0050412,19.895,0.4695772779352349,0.22994911151928168
UM_2_0050413,19.895,0.43136393166966025,0.21045751356136966
UM_2_0050415,19.9,0.4704189893903974,0.22591188330338718
UM_2_0050416,19.9,0.47727834236489713,0.24666722571914892
UM_2_0050417,19.9,0.45292976949681135,0.22755037572271833
UM_2_0050418,19.9,0.4551649558858869,0.2506285915095444
UM_2_0050419,19.9,0.42059820638287215,0.20461240472614958
UM_2_0050421,19.9,0.48291456306894603,0.2632204047897816
UM_2_0050424,19.9,0.48299275315009466,0.23845270592719403
UM_2_0050425,19.9,0.4476761248667768,0.2766875197141849
UM_2_0050426,19.9,0.4879849194883901,0.23758818247385677
UM_2_0050427,19.9,0.46156651404027715,0.21250764761705648
UM_2_0050428,19.9,0.459102214028558,0.22324455690412215
USM_0050433,19.9,0.5222425710403498,0.19266687513458614
USM_0050434,19.9,0.5151466236211999,0.23120297430774572
USM_0050435,19.9,0.5040735188685393,0.27054764085837024
USM_0050436,19.9,0.8925046267735965,0.21722319231943218
USM_0050437,19.895,0.49992298954583086,0.23761352220081955
USM_0050438,19.9,0.47900650502661146,0.2402562849782716
USM_0050439,19.9,0.46307734075406387,0.20500070409129592
USM_0050440,19.9,0.5362461895775874,0.19541219633153806
USM_0050441,19.9,0.49642890269919304,0.22365324221224162
USM_0050442,19.9,0.5169806531159906,0.19154170151500888
USM_0050443,19.9,0.5837977505319688,0.22002597913530264
USM_0050444,19.9,0.5714558801039914,0.2422988859619931
USM_0050445,19.9,0.5326459120866072,0.2292783414274101
USM_0050446,19.9,0.5184704677364288,0.2227066173288253
USM_0050447,19.895,0.5010541382178294,0.22958547001106866
USM_0050448,19.895,0.4831899284485101,0.31437312498430436
USM_0050449,19.9,0.5338704115858437,0.23219817211548566
USM_0050463,19.9,0.5368571676350706,0.22725768361890983
USM_0050466,19.9,0.45780500708227384,0.18852586873452717
USM_0050467,19.9,0.5848632073593246,0.22918831957277505
USM_0050468,19.895,0.5414313866676773,0.18080925404843692
USM_0050469,19.9,0.48230653208028773,0.1872641288071986
USM_0050470,19.9,0.5050162666712088,0.3087812706255364
USM_0050477,19.9,0.49571327182398867,0.2577766762688712
USM_0050480,19.9,0.4622163741795315,0.2450597398913661
USM_0050482,19.9,0.4733141468626674,0.18975737705241807
USM_0050483,19.9,0.5379104371477841,0.23369373791398304
USM_0050485,19.9,0.6243441436111414,0.1946591228215443
USM_0050486,19.9,0.5660411594816506,0.21550921293641753
USM_0050487,19.9,0.4900910042172686,0.2728966576063072
USM_0050488,19.9,0.5187445357579996,0.2477296656404732
USM_0050490,19.9,0.5310751104565538,0.21929016573219662
USM_0050491,19.9,0.47786666666666666,0.2001891613280697
USM_0050492,19.9,0.5009549420159208,0.2166180210609674
USM_0050493,19.9,0.5323708641773343,0.15425818020117993
USM_0050494,19.9,0.4589761179267106,0.23314354285406957
USM_0050496,19.9,0.5415368723469502,0.25531014624079545
USM_0050497,19.9,0.4387722582958212,0.22972585782495747
USM_0050498,19.9,0.5285336650598663,0.16957051908134166
USM_0050499,19.9,0.4714200477326969,0.24597102935521714
USM_0050500,19.895,0.47794010226442657,0.19216316569482703
USM_0050501,19.9,0.5180337756332931,0.26574450738449923
USM_0050502,19.9,0.519795062878435,0.19542834932082886
USM_0050503,19.9,0.4909392723751556,0.2342568758878723
USM_0050504,19.9,0.4582685973525573,0.24217462832467906
USM_0050505,19.9,0.4947265372467168,0.20666757106234476
USM_0050507,19.9,0.539546987245272,0.2126084603183567
USM_0050511,19.9,0.4938717067583047,0.2297066750310687
USM_0050514,19.9,0.4614335091868292,0.2150041154775294
USM_0050515,19.9,0.548451323278048,0.22863669606330056
USM_0050516,19.9,0.5225385291064442,0.19358926496727832
USM_0050518,19.9,0.44398670838110416,0.1705081531101944
USM_0050519,19.895,0.4792704172312457,0.17628128537686658
USM_0050520,19.9,0.594427764205658,0.2450936322302521
USM_0050521,19.9,0.5270364728022224,0.24066029096886601
USM_0050523,19.9,0.477294523428956,0.28745408956554785
USM_0050524,19.9,0.4464151932873839,0.19603585282596128
USM_0050525,19.9,0.44149678860653446,0.18945192324646096
USM_0050526,19.9,0.5667010813454328,0.20392997352990674
USM_0050527,19.9,0.5034671705243269,0.19170924052488297
USM_0050528,19.9,0.48031404187224963,0.2195559569673072
USM_0050529,19.9,0.5148922686945501,0.236213487102634
USM_0050530,19.9,0.4777214370482253,0.19699411125316516
USM_0050532,19.9,0.5253352840770544,0.18400259255598347
Yale_0050551,19.9,0.5159480970908301,0.23484249439390917
Yale_0050552,19.9,0.5645050804886402,0.25773687643967486
Yale_0050553,19.895,0.5212805437818622,0.24764840771148716
Yale_0050554,19.895,0.5509686748667201,0.22854050436241316
Yale_0050556,19.9,0.5381145308457034,0.26639543898465046
Yale_0050559,19.9,0.49310986177452765,0.25728169344074703
Yale_0050560,19.9,0.46213895394223264,0.24863114113156978
Yale_0050561,19.9,0.4658262672716447,0.24450265110796146
Yale_0050562,19.9,0.4396618649184853,0.24332558479437097
Yale_0050564,19.9,0.46421388856027446,0.22999181487845016
Yale_0050566,19.9,0.5674277266754271,0.23737065261766133
Yale_0050567,19.9,0.5266843337137551,0.2798272711701475
Yale_0050568,19.9,0.5075266990806598,0.24162309955063083
Yale_0050570,19.9,0.4516767726766489,0.23175216626472772
Yale_0050571,19.9,0.5097487116825161,0.2660644675064619
Yale_0050573,19.9,0.5050658361586375,0.2694333300717487
Yale_0050574,19.9,0.48379682355620895,0.2329288499009483
Yale_0050575,19.9,0.5498827446698054,0.2529954986383482
Yale_0050577,19.9,0.4761413409703504,0.2557594711400003
Yale_0050578,19.895,0.46076815297123547,0.26145084646613515
Yale_0050601,19.9,0.5140731491597732,0.29928210465334626
Yale_0050602,19.9,0.45758992074781546,0.2893694928568046
Yale_0050603,19.9,0.5287813383800796,0.24256334295230497
Yale_0050605,19.09375,0.42324618172404865,0.21785564891740095
Yale_0050606,19.9,0.49706001838824865,0.26307974370794207
Yale_0050607,19.9,0.5672438456775626,0.25179047756015427
Yale_0050608,19.9,0.5288091394511362,0.2639887504268359
Yale_0050609,19.9,0.49960009140767825,0.23453003418741228
Yale_0050611,19.9,0.5112461510226555,0.26278972883830387
Yale_0050612,19.9,0.5431458068790371,0.25481649078549573
Yale_0050613,19.9,0.5420572749454219,0.24147118594656325
Yale_0050614,19.9,0.5121201192080637,0.2819081989093021
Yale_0050616,19.9,0.47803296906834597,0.2702210373676066
Yale_0050617,19.9,0.5043125,0.21625305467757883
Yale_0050622,19.9,0.4508299125468499,0.2593902225918156
Yale_0050625,19.9,0.5018059324412838,0.24217936289009478
Yale_0050626,19.895,0.4877019457774623,0.28713772946170896
Yale_0050628,19.9,0.5486952037132543,0.22745983214286553
CMU_b_0050643,19.298969072164947,0.48943505980699964,0.2651792144613031
CMU_a_0050647,19.9,0.6128752111919913,0.2431110264033735
CMU_a_0050649,19.9,0.5065786971897935,0.24330955701008647
CMU_b_0050651,18.68617021276596,0.6793989086649715,0.20162508793204403
CMU_b_0050652,19.38974358974359,0.5111447779566329,0.2350512232299102
CMU_a_0050653,19.593908629441625,0.5085644371941273,0.25276154237711396
CMU_a_0050654,19.9,0.5074393530997304,0.28340463707156527
CMU_b_0050657,19.696969696969695,0.5499954458511704,0.24934559059651812
CMU_b_0050658,18.793650793650794,0.49473271708812616,0.22538883378476535
CMU_a_0050659,19.9,0.48842265878313945,0.2933920593093677
CMU_a_0050664,19.9,0.502908544572001,0.2549219974392175
CMU_a_0050666,19.9,0.4171989348429266,0.26085866002161134
Leuven_1_0050682,19.895,0.6385778275475924,0.24663374246251435
Leuven_1_0050683,19.9,0.5662292296072508,0.25779680581412434
Leuven_1_0050685,19.9,0.46043422733077904,0.30584916023550673
Leuven_1_0050686,19.9,0.5240029138590421,0.2736860382480924
Leuven_1_0050687,19.9,0.49313420867996394,0.2606069383807238
Leuven_1_0050688,19.895,0.5523596370058226,0.24469525147099452
Leuven_1_0050689,19.9,0.453303387609957,0.25201683413450054
Leuven_1_0050690,19.9,0.5774881084342421,0.27431753984263263
Leuven_1_0050691,19.9,0.46701399051688813,0.2417309899103512
Leuven_1_0050692,19.9,0.5417559256443922,0.2403762592751939
Leuven_1_0050693,19.9,0.5549583104075846,0.2694825699253381
Leuven_1_0050694,19.895,0.5736136187774052,0.23600749691527134
Leuven_1_0050695,19.9,0.44129369758365855,0.25109024078224007
Leuven_1_0050696,19.9,0.5297214171644881,0.24954968733768473
Leuven_1_0050697,19.895,0.5662126448465136,0.26590436799953215
Leuven_1_0050698,19.895,0.4689276874707338,0.23698289259010358
Leuven_1_0050699,19.9,0.48486878051359783,0.2601425379044791
Leuven_1_0050700,19.9,0.5785532099636403,0.212204286252583
Leuven_1_0050701,19.9,0.4704038639399856,0.2892960715176865
Leuven_1_0050702,19.9,0.4714008202028923,0.2525800462222488
Leuven_1_0050703,19.9,0.47618542709305284,0.23694071876730544
Leuven_1_0050704,19.9,0.48606301773449906,0.26321113744316027
Leuven_1_0050705,19.895,0.4296915261724214,0.2904085916725821
Leuven_1_0050706,19.895,0.5233969465648854,0.25153674395559217
Leuven_1_0050707,19.9,0.4917281898650999,0.26381230205081363
Leuven_1_0050708,19.9,0.5006370175816852,0.239148274945462
Leuven_1_0050709,19.9,0.4696788068963086,0.31251718230743397
Leuven_1_0050710,19.9,0.5820124879923151,0.23320997687946146
Leuven_1_0050711,19.9,0.4859027866372633,0.2790301526115182
Leuven_2_0050724,19.9,0.520415213528986,0.24947085194182844
Leuven_2_0050725,19.9,0.5029893711248893,0.2554323295195643
Leuven_2_0050726,19.9,0.5228060368921185,0.256321540111509
Leuven_2_0050727,18.68617021276596,0.5825789229340761,0.25997082024808654
Leuven_2_0050728,19.9,0.46682063760465214,0.28179790497604607
Leuven_2_0050731,19.9,0.4662833147331984,0.24021987923253393
Leuven_2_0050732,19.9,0.4702397279060837,0.2667988200823133
Leuven_2_0050733,19.9,0.5043035519456904,0.24376327750695384
Leuven_2_0050737,19.9,0.49988183751749715,0.27556116092615984
Leuven_2_0050738,19.895,0.46149369544131913,0.26896195824577407
Leuven_2_0050739,19.9,0.49110881835285547,0.2849334063326056
Leuven_2_0050740,19.9,0.5153113741636645,0.2341881621118147
Leuven_2_0050741,19.9,0.47781403221022145,0.2497283650276976
Leuven_2_0050742,19.9,0.5904137681450802,0.2524958829258464
Leuven_2_0050745,19.895,0.5125620047671198,0.2248111418979505
Leuven_2_0050746,19.9,0.5335823655595828,0.2492580709091508
Leuven_2_0050747,19.9,0.5146351210934378,0.2821581255833435
Leuven_2_0050748,19.9,0.47119289796211766,0.2651582287026125
Leuven_2_0050750,19.9,0.49097616550327317,0.2338285772688046
Leuven_2_0050751,19.895,0.4564036372042845,0.2576096794896085
Leuven_2_0050752,19.9,0.47707389712725695,0.23841222712607327
Leuven_2_0050753,19.895,0.4735694206597951,0.2437038693947162
Leuven_2_0050754,19.9,0.48051182263105136,0.23777105056034084
Leuven_2_0050755,19.9,0.4880279746020061,0.2515290545580633
Leuven_2_0050756,19.895,0.47287154192579883,0.2730939045435114
Leuven_2_0050757,19.9,0.4429173002690373,0.28140818007911844
KKI_0050772,19.9,0.5066164308031612,0.23994421150310571
KKI_0050773,19.9,0.4371661795827875,0.2551359530673576
KKI_0050774,19.9,0.4532395192025799,0.20664172446844348
KKI_0050775,19.9,0.5,0.24533428351093067
KKI_0050776,19.9,0.4845262189512419,0.23524096859771199
KKI_0050777,19.9,0.4577812828601472,0.2694399310673184
KKI_0050779,19.9,0.3827317051839867,0.21745902450334567
KKI_0050781,19.9,0.5132474566347068,0.24646492636465694
KKI_0050782,19.9,0.5040825096691018,0.23851064696360494
KKI_0050785,19.9,0.48263410057009626,0.24817529668792088
KKI_0050786,19.9,0.47294091063156707,0.24153462418883634
KKI_0050787,19.9,0.44546569749345444,0.2873644182506825
KKI_0050789,19.9,0.5162365489001047,0.24179626400422027
KKI_0050791,19.9,0.42070038910505836,0.242093508073849
KKI_0050794,19.9,0.5379545801980534,0.2298658470638122
KKI_0050797,19.895,0.5337388016766664,0.2746264830282313
KKI_0050799,19.9,0.4016517252878749,0.211903449825001
KKI_0050800,19.9,0.5027712811969371,0.23618293127076836
KKI_0050801,19.9,0.6240511939719652,0.20692768919770824
KKI_0050802,19.9,0.5029659158099525,0.23891602393411526
KKI_0050803,19.895,0.5034776082061546,0.2304787244555331
KKI_0050804,19.9,0.4956791921545781,0.2441699387879817
KKI_0050814,19.9,0.4900776531492666,0.2386691340942994
KKI_0050815,19.9,0.4599804612539688,0.264084105277392
KKI_0050816,19.9,0.48318260869565216,0.229725236354033
KKI_0050817,19.9,0.5144295302013423,0.2636997007486426
KKI_0050818,19.9,0.4339535444462305,0.21917070063050592
KKI_0050819,19.9,0.4499969701254368,0.23283987461488498
KKI_0050821,19.9,0.46077702997989683,0.22103497521440285
KKI_0050822,19.9,0.5005576989888277,0.2504595569513295
KKI_0050823,19.9,0.4617738025578868,0.2382097581786563
KKI_0050824,19.9,0.4460624529866723,0.24441872404831322
KKI_0050825,19.9,0.41567291311754684,0.2138328051544305
NYU_0050964,19.9,0.44746987951807227,0.23346748251011157
NYU_0050965,19.9,0.41033128164191335,0.2284296767419363
NYU_0050966,19.9,0.47592589436367666,0.22634154507829726
NYU_0050967,19.9,0.5151243515410436,0.23419738943436677
NYU_0050968,19.9,0.4656529604459004,0.1796399077782245
NYU_0050969,19.9,0.4319086996124377,0.25135022362510856
NYU_0050970,19.9,0.4422187682144939,0.20360628901694294
NYU_0050972,19.9,0.4486741722112739,0.23019884544643512
NYU_0050973,19.9,0.530281307163692,0.21016347284969628
NYU_0050974,19.9,0.4348349572111288,0.21777482842394716
NYU_0050976,19.9,0.5004844482233602,0.22066298038470408
NYU_0050977,19.9,0.4124714739901305,0.20189481906859466
NYU_0050978,19.9,0.4812387067010111,0.20574946523569854
NYU_0050979,19.9,0.5264367816091954,0.258432380148323
NYU_0050981,19.895,0.4768285827656901,0.2573768673474788
NYU_0050982,19.9,0.47149477510222626,0.22185118145494148
NYU_0050983,19.9,0.4580009636490176,0.22507983779486923
NYU_0050984,19.9,0.5513043967165187,0.27105005563743767
NYU_0050985,19.9,0.4757475462223237,0.21160995436357
NYU_0050986,19.9,0.4180450814549394,0.20255020315514957
NYU_0050987,19.9,0.41024717005129946,0.21083058411898734
NYU_0050988,19.9,0.4515679442508711,0.20400878225606042
NYU_0050989,19.9,0.4037107478148268,0.21836577522821857
NYU_0050990,19.895,0.4854242979242979,0.2021977483319593
NYU_0050991,19.9,0.462650469960974,0.21914906809052156
NYU_0050992,19.9,0.47677678227889847,0.2438084601394636
NYU_0050993,19.9,0.5078287789486218,0.225527190630325
NYU_0050994,19.9,0.49763527208848907,0.21820514995439408
NYU_0050995,19.895,0.511649367581571,0.2319554770609464
NYU_0050996,19.895,0.5050353594127652,0.24405695341778022
NYU_0050997,19.9,0.5180894140980085,0.2310895354575032
NYU_0050998,19.9,0.42152214718346653,0.2179897240194492
NYU_0050999,19.9,0.493748633445308,0.22447152514530674
NYU_0051000,19.9,0.45712216228580144,0.2180546945412871
NYU_0051001,19.9,0.4379206831614864,0.2211731214723045
NYU_0051002,19.9,0.4993375081939776,0.2919391985649204
NYU_0051003,19.9,0.4185157382028945,0.225167249397096
NYU_0051006,19.9,0.48328267477203646,0.2059297576362598
NYU_0051007,19.9,0.44435728658640566,0.23641601341190077
NYU_0051008,19.9,0.4818614808260698,0.2374128422944183
NYU_0051009,19.9,0.4131303314976784,0.20699876740879997
NYU_0051010,19.9,0.448580758603366,0.2386963083925254
NYU_0051011,19.9,0.50379462356297,0.24083731209387968
NYU_0051012,19.9,0.5016895282703245,0.2501835861678177
NYU_0051013,19.9,0.5252701609938984,0.21829409584454307
NYU_0051014,19.9,0.4553846774031,0.21996232431921983
NYU_0051015,19.9,0.4542595453542264,0.19386312213912887
NYU_0051016,19.9,0.512483013620706,0.21439362917533117
NYU_0051017,19.9,0.49625828887032714,0.21898579435668927
NYU_0051018,19.9,0.5150885023076532,0.2139923650606737
NYU_0051019,19.9,0.5284118902939727,0.20706386582395278
NYU_0051020,19.895,0.5243087359743531,0.26331923339597524
NYU_0051021,19.895,0.516756395432866,0.21460101805650728
NYU_0051023,19.9,0.4096439289480088,0.19573577555625643
NYU_0051024,19.895,0.48848371639730365,0.22188497087304504
NYU_0051025,19.9,0.4873798924319642,0.2198927837819362
NYU_0051026,19.9,0.48457093439207516,0.2087231253100476
NYU_0051027,19.9,0.41200693099582103,0.20897951325646336
NYU_0051028,19.9,0.4147898593447317,0.2180498933128204
NYU_0051029,19.9,0.5610963144255686,0.2128011822059604
NYU_0051030,19.9,0.4791409046534331,0.27759120561939143
NYU_0051032,19.895,0.451470421989309,0.2306513451245742
NYU_0051033,19.9,0.48554410677796617,0.2580244029648926
NYU_0051034,19.9,0.5200733611522412,0.23789032733061005
NYU_0051035,19.9,0.4726740894508398,0.26464033049512836
NYU_0051064,19.895,0.4742404344431036,0.2558933133491366
NYU_0051065,19.9,0.4561892039361042,0.20546329853283038
NYU_0051066,19.9,0.4272534973425529,0.24076237922788188
NYU_0051067,19.9,0.567087544368277,0.20946998436276196
NYU_0051068,19.9,0.4635366647046067,0.2265870061819088
NYU_0051069,19.9,0.44549034083917805,0.20658854515096656
NYU_0051070,19.9,0.43650337219637164,0.2643418052277394
NYU_0051071,19.9,0.43428697631748836,0.2325872828857283
NYU_0051072,19.9,0.5432141920824959,0.1709772912471707
NYU_0051073,19.9,0.5184741825978203,0.22187971362253678
NYU_0051074,19.9,0.46506298198363977,0.23038423036441014
NYU_0051075,19.9,0.4574626421384771,0.23163120916896748
NYU_0051076,19.9,0.4881045089946266,0.20702447427891915
NYU_0051077,19.9,0.5057411032165591,0.27737146123149453
NYU_0051078,19.9,0.5109483797837313,0.23027337428552838
NYU_0051079,19.9,0.5518929442228817,0.2175242923571653
NYU_0051080,19.9,0.5697634966570203,0.20156898457794964
NYU_0051081,19.9,0.5063342274504734,0.2218419672536703
NYU_0051082,19.9,0.45835902762000585,0.2809469125169047
NYU_0051083,19.9,0.5297276563099348,0.22397081403697097
NYU_0051084,19.9,0.4646182145806742,0.269023182366427
NYU_0051085,19.9,0.4974076817268014,0.22787881405370958
NYU_0051086,19.9,0.4699303411827453,0.26170045345419624
NYU_0051087,19.9,0.41880776904597095,0.229406574622275
NYU_0051088,19.9,0.4091763968341039,0.21465540836977495
NYU_0051089,19.9,0.4479474742694901,0.22606402181479363
NYU_0051090,19.9,0.4903965888079695,0.21975799231368914
NYU_0051091,19.9,0.5022969989857408,0.24087506710447157
NYU_0051093,19.9,0.48392487665128125,0.2579543937028832
NYU_0051094,19.9,0.5119496148006523,0.22901107529840228
NYU_0051095,19.9,0.4647263126463516,0.2728417857144684
NYU_0051096,19.895,0.5408273695234771,0.19883334824509058
NYU_0051097,19.9,0.4793185993430941,0.2526799177090537
NYU_0051098,19.9,0.5021961452733709,0.2279696897055649
NYU_0051099,19.9,0.4721210566812003,0.20605092022421628
NYU_0051100,19.9,0.4705970747345221,0.21732252495424406
NYU_0051101,19.9,0.47165263821424597,0.20008631780523395
NYU_0051102,19.9,0.4413486847995416,0.26948209352326563
NYU_0051103,19.9,0.5438277566323922,0.22658278584154787
NYU_0051104,19.9,0.5241765432996437,0.22455781933258978
NYU_0051105,19.9,0.5014833928990327,0.21926575046466762
NYU_0051106,19.9,0.4605021891254724,0.2137071176702778
NYU_0051107,19.9,0.4479723205664628,0.23790488697419931
NYU_0051109,19.9,0.5451683633516053,0.2233045448798643
NYU_0051110,19.9,0.48845708998380755,0.2380517257247928
NYU_0051111,19.9,0.5316987954254606,0.2139566197925346
NYU_0051112,19.9,0.5105403746886619,0.2476470215327265
NYU_0051113,19.9,0.43524396198775495,0.20801861821277884
NYU_0051114,19.9,0.48499109641312643,0.20489422320188128
NYU_0051116,19.9,0.4429322720488949,0.21551735713795836
NYU_0051117,19.9,0.43118636523803344,0.2210322218238034
NYU_0051118,19.798994974874372,0.5351841310154574,0.20015597827398898
NYU_0051122,19.9,0.5356406682502601,0.22696354581677275
NYU_0051123,19.895,0.4662233024254632,0.25074412952297104
NYU_0051124,19.9,0.4769076952847836,0.21755863580447765
NYU_0051126,19.895,0.5298005915850051,0.22743905160946787
NYU_0051127,19.9,0.5783291565435311,0.24214367011235174
NYU_0051128,19.9,0.5259839453663212,0.19188272891654784
NYU_0051129,19.9,0.4350998074779613,0.21908923399478578
NYU_0051130,19.9,0.49074035190862136,0.26963829993087235
NYU_0051131,19.9,0.5170816322213526,0.2328598256815163
Trinity_0051132,19.9,0.5064301764115313,0.27756615845425087
Trinity_0051133,19.895,0.49627582892839983,0.25028033542946104
Trinity_0051134,19.9,0.4701492537313433,0.25636471220511753
Trinity_0051135,19.895,0.4813410791650256,0.2601639311256747
Trinity_0051137,19.9,0.475047718736531,0.25832058649057643
Trinity_0051138,19.9,0.5045812187063592,0.24445653714202098
Trinity_0051139,19.9,0.4418291862811029,0.22438622763785093
Trinity_0051140,19.9,0.5080529603943371,0.24354706173037638
Trinity_0051141,19.9,0.5602067773392909,0.3025661208944418
Trinity_0051142,19.9,0.5044520366076012,0.2682705390352996
NYU_0051146,19.9,0.48503300414470657,0.202854969587953
NYU_0051147,19.9,0.5026322986462464,0.2282999938253276
NYU_0051148,19.9,0.47953017734553777,0.21628612904249486
NYU_0051149,19.9,0.48669838093876966,0.21554664391349462
NYU_0051150,19.9,0.45536692658292177,0.25970085530668136
NYU_0051151,19.9,0.43187738433356304,0.244623206330852
NYU_0051152,19.9,0.4036640908858298,0.26846409615910505
NYU_0051153,19.9,0.4945260392104022,0.2252466861645839
NYU_0051154,19.9,0.4655147748406479,0.22935547028288258
NYU_0051155,19.9,0.5693875591962114,0.1628217270401358
NYU_0051156,19.9,0.5635243376463339,0.21076015668475412
NYU_0051159,19.9,0.45858886914655816,0.2724481908587258
Stanford_0051160,19.895,0.4669557490085079,0.27833809097587503
Stanford_0051163,19.9,0.440130079001785,0.274997116215173
Stanford_0051165,19.9,0.43357032457496136,0.2522442733847921
Stanford_0051166,19.9,0.48072548028311424,0.22727679944453796
Stanford_0051168,19.9,0.4699662239963153,0.2976911244701116
Stanford_0051169,19.9,0.4314969156691741,0.2639915660008704
Stanford_0051171,19.9,0.4875204105435036,0.2681971742716595
Stanford_0051172,19.9,0.47612308438801504,0.2943084019280873
Stanford_0051173,19.9,0.46786172908062335,0.23807186369053707
Stanford_0051174,19.9,0.429684626700993,0.22743215686861265
Stanford_0051175,19.9,0.4841922819913131,0.27869715140685336
Stanford_0051177,19.9,0.4486114101184069,0.2649326275098044
Stanford_0051178,19.895,0.4956004877057509,0.28042389458213196
Stanford_0051179,19.9,0.48747353563867324,0.24654475663320588
Stanford_0051181,19.9,0.44533485975958786,0.29134303368046216
Stanford_0051182,19.895,0.46864741284977335,0.2628968137499734
Stanford_0051183,19.9,0.4765629364768981,0.26396770365076955
Stanford_0051185,19.9,0.4907162811912047,0.28493250279686183
Stanford_0051186,19.9,0.482024194922474,0.25462140835105457
Stanford_0051187,19.9,0.4778115501519757,0.26235998458399745
Stanford_0051189,19.9,0.4151276840151984,0.2376943405937014
Stanford_0051190,19.9,0.44648471405149964,0.23527868414763434
Stanford_0051191,19.9,0.4603115435925606,0.30306908145095085
Stanford_0051193,19.9,0.5033441112636754,0.22991032158998503
Stanford_0051194,19.895,0.4257697832739991,0.25612051976762057
Stanford_0051196,19.9,0.4445312969755276,0.27625904195792944
Stanford_0051197,19.895,0.48152274837511605,0.23848033881171166
Stanford_0051198,19.9,0.47308465490283674,0.23698831277384963
Stanford_0051199,19.9,0.3899703264094955,0.27939608978522884
UCLA_1_0051205,19.9,0.45464165318740457,0.26507289238464743
UCLA_1_0051206,19.9,0.4071024082640171,0.25650503923965834
UCLA_1_0051208,19.9,0.6462595051943879,0.23603358216576809
UCLA_1_0051210,19.9,0.4534626645686856,0.2782501275894184
UCLA_1_0051211,19.895,0.5034917672556516,0.25169499199365736
UCLA_1_0051212,19.9,0.5200326089117769,0.24298743880652804
UCLA_1_0051214,19.895,0.45184989429175476,0.26939583311150117
UCLA_1_0051216,19.9,0.48034285141434563,0.27139484821720156
UCLA_1_0051217,19.895,0.43461024690826044,0.2380113125514821
UCLA_1_0051218,19.9,0.44552567819835565,0.23954263779168153
UCLA_1_0051220,19.9,0.4980686656725535,0.2806447766364695
UCLA_1_0051221,19.9,0.46552530092322075,0.2551159923056685
UCLA_1_0051222,19.9,0.46600575240193376,0.24995023155129265
UCLA_1_0051223,19.9,0.4786035825690644,0.27522993093709763
UCLA_1_0051224,19.9,0.5441665120515459,0.23360397032757194
UCLA_1_0051225,19.9,0.4807586586036284,0.2635131955517012
UCLA_1_0051229,19.9,0.40880767191090683,0.2332455241825945
UCLA_1_0051234,19.9,0.4295605175950765,0.22759027016069244
UCLA_1_0051235,19.9,0.4356393376322826,0.22271334528389894
UCLA_1_0051236,19.9,0.5196304849884527,0.26396080199992517
UCLA_1_0051237,19.9,0.4593641522948923,0.22752404559079553
UCLA_1_0051239,19.9,0.47272579630118355,0.24703167526026878
UCLA_1_0051240,19.9,0.4638124818447925,0.2417858087550037
UCLA_1_0051241,19.9,0.4560404547042983,0.24939097857686693
UCLA_1_0051248,19.9,0.4597973443752115,0.27285124839684594
UCLA_1_0051249,19.9,0.4176344901264776,0.25395981710124255
UCLA_1_0051250,19.9,0.42742867797874323,0.28145752968753646
UCLA_1_0051251,19.9,0.4564244723275946,0.33038957980406686
UCLA_1_0051252,19.9,0.4360679970436068,0.25691525621216155
UCLA_1_0051253,19.9,0.44594594594594594,0.23835879275111302
UCLA_1_0051254,19.9,0.5052948989481998,0.27086160241652263
UCLA_1_0051255,19.9,0.4779491774947193,0.27534852212888244
UCLA_1_0051256,19.9,0.5151851478155585,0.26147152373388055
UCLA_1_0051257,19.9,0.44325681651518856,0.25565140788154495
UCLA_1_0051260,19.9,0.5683419781792166,0.24547278484837
UCLA_1_0051261,19.9,0.45298926928972916,0.3000209539180961
UCLA_1_0051262,19.9,0.42447313923742236,0.2436702284472158
UCLA_1_0051265,19.9,0.4806919447842041,0.2533405792719068
UCLA_1_0051266,19.9,0.46252456076763127,0.28301582082818244
UCLA_1_0051268,19.9,0.5105764848853106,0.25651891113597175
UCLA_1_0051269,19.895,0.5112002986746313,0.25061949678494333
UCLA_1_0051271,19.895,0.48151580474243005,0.24305825375709889
UCLA_1_0051272,19.9,0.49326473150080014,0.24234029800139395
UCLA_1_0051273,19.9,0.4458174178762414,0.25572215757197975
UCLA_1_0051275,19.9,0.5140526345197519,0.29462863882990853
UCLA_1_0051276,19.895,0.5245514730883853,0.2529348902082925
UCLA_1_0051277,19.9,0.4654935156999291,0.24269598960151562
UCLA_1_0051280,19.9,0.45258265554029786,0.23296343696768412
UCLA_1_0051281,19.9,0.5371273712737127,0.25199965605529884
UCLA_2_0051291,19.9,0.48581074563518856,0.24922317527797527
UCLA_2_0051293,19.9,0.4752163199816629,0.25179068847905733
UCLA_2_0051294,19.9,0.49170482250104064,0.29744136745592964
UCLA_2_0051295,19.9,0.5038664654847227,0.24879357032238933
UCLA_2_0051298,19.9,0.4337160095529392,0.2766429492559617
UCLA_2_0051301,19.9,0.5046017981592807,0.3142657485175729
UCLA_2_0051302,19.9,0.4154426401257203,0.2583375565088775
UCLA_2_0051304,19.9,0.4869287715457261,0.3146862542734539
UCLA_2_0051306,19.9,0.4608491440578456,0.25503463228261813
UCLA_2_0051307,19.9,0.5196540411571727,0.2699837058481468
UCLA_2_0051308,19.9,0.418046755516714,0.23298621118654908
UCLA_2_0051309,19.9,0.4772175352125344,0.2795344589346178
UCLA_2_0051311,19.895,0.4597894736842105,0.3006193881826884
UCLA_2_0051312,19.9,0.4420299036999493,0.24507186222793254
UCLA_2_0051313,19.9,0.47055410501885697,0.24402243465752385
UCLA_2_0051314,19.9,0.44829837158836294,0.2705543941717702
UCLA_2_0051315,19.9,0.47789098624817344,0.27085111447813853
UCLA_2_0051316,19.9,0.5097605274805782,0.2671836938569987
UCLA_2_0051317,19.9,0.45338353656430275,0.2662397856868788
MaxMun_a_0051318,19.9,0.5294208813349176,0.23724548222000713
MaxMun_a_0051319,19.9,0.4875079582505354,0.2191424671476169
MaxMun_a_0051320,19.9,0.43226655788771046,0.20548493470385273
MaxMun_b_0051322,19.9,0.5457384786229872,0.25825766166485825
MaxMun_b_0051323,19.9,0.417675720005789,0.19306314909696495
MaxMun_b_0051324,19.895,0.5861560785380674,0.20991027138821797
MaxMun_b_0051326,19.895,0.5641828159835363,0.22300661302220467
MaxMun_b_0051327,19.895,0.477997472682673,0.21139401817706072
MaxMun_c_0051328,19.9,0.4990462979018554,0.23044083931475356
MaxMun_d_0051329,19.9,0.5508384398047921,0.2710600701227139
MaxMun_d_0051330,19.9,0.47118499322692736,0.2538652982499884
MaxMun_d_0051331,19.9,0.5215882429614181,0.2614129346095512
MaxMun_c_0051332,19.9,0.5519835498269723,0.22583259522884636
MaxMun_c_0051333,19.895,0.6094547892917934,0.23472040182329607
MaxMun_c_0051334,19.9,0.4657051185034961,0.2593569270230792
MaxMun_c_0051335,19.9,0.46332046332046334,0.20376201659020762
MaxMun_c_0051336,19.9,0.5766538750844626,0.20861462960830168
MaxMun_c_0051338,19.9,0.45496429816993705,0.23038184262461503
MaxMun_c_0051339,19.9,0.5340536759562641,0.22161393433033313
MaxMun_c_0051340,19.9,0.5274116113704981,0.20356775864518875
MaxMun_c_0051341,19.9,0.45317744461848286,0.31096470744180127
MaxMun_c_0051342,19.895,0.498660369647155,0.2441021208030232
MaxMun_c_0051343,19.9,0.5238218731475993,0.2489705222087825
MaxMun_c_0051344,19.9,0.5643108077421423,0.23426672567366416
MaxMun_c_0051345,19.9,0.48517659684559516,0.21876787989366314
MaxMun_c_0051346,19.9,0.45038830897703547,0.2608539233562851
MaxMun_c_0051347,19.895,0.4827213228958513,0.24363540126597513
MaxMun_c_0051348,19.9,0.46748481265544095,0.25952915834612106
MaxMun_d_0051349,19.9,0.47529544883077696,0.2570040554114615
MaxMun_d_0051351,19.9,0.5183572647142451,0.24172313930823613
MaxMun_d_0051354,19.9,0.7146082316351179,0.2944817119753432
MaxMun_d_0051355,19.9,0.5436549950843228,0.2931692435433724
MaxMun_d_0051356,19.9,0.42206702034786114,0.223442951483665
MaxMun_d_0051357,19.9,0.5227153836867732,0.23587332183580692
MaxMun_d_0051360,19.9,0.536448491095459,0.2793681557172215
MaxMun_a_0051362,19.9,0.39732074897244635,0.21286246207979007
MaxMun_a_0051363,19.9,0.5709622805545811,0.21370959344332974
MaxMun_a_0051364,19.9,0.5311409762460941,0.23411232343581015
MaxMun_a_0051365,19.9,0.5034692552209727,0.26358497874778175
MaxMun_a_0051369,19.9,0.49038946483608853,0.24652415947730275
MaxMun_a_0051373,19.9,0.3758799769186382,0.19289409429280363
Caltech_0051456,19.798994974874372,0.5451673482282324,0.22274516960366864
Caltech_0051457,19.798994974874372,0.4934051674578276,0.2672830631341348
Caltech_0051458,19.79396984924623,0.5533547405779956,0.2158322086149531
Caltech_0051459,19.9,0.5518546951879122,0.23355991397206474
Caltech_0051461,19.9,0.553173748919849,0.293351661244458
Caltech_0051464,18.69148936170213,0.5024350836699365,0.22318426592414214
Caltech_0051465,19.9,0.5149100958749872,0.24764257317749858
Caltech_0051466,19.09375,0.4196151318026247,0.2094666117190616
Caltech_0051467,19.588832487309645,0.46843140188513904,0.25645384414898537
Caltech_0051468,19.593908629441625,0.4444347389338982,0.22370018100438616
Caltech_0051469,11.891666666666667,0.6376458112407211,0.17120818532852702
Caltech_0051470,19.798994974874372,0.537068046886893,0.24505033214092592
Caltech_0051472,19.9,0.4893083195529452,0.24285589261128107
Caltech_0051473,19.696969696969695,0.4695378720789431,0.22963340055290632
Caltech_0051474,19.895,0.4676980335518276,0.2421466575762574
Caltech_0051476,19.9,0.4887726388547903,0.2684923302689935
Caltech_0051477,19.9,0.5482701137659755,0.24779911946461328
Caltech_0051478,8.097560975609756,0.6461361897475134,0.15332277060748944
Caltech_0051481,19.9,0.4883694712712788,0.29169055306815495
Caltech_0051483,19.593908629441625,0.4380823854508065,0.2549748680801496
Caltech_0051484,19.798994974874372,0.5543690221933327,0.24504080399582914
Caltech_0051485,19.9,0.5283239514786332,0.24175898996783213
Caltech_0051486,19.895,0.5179232741430063,0.24913246721385163
Caltech_0051487,19.9,0.45234682909351487,0.24534182447964
Caltech_0051488,19.9,0.486152957944684,0.2794476224461011
Caltech_0051489,19.9,0.6688138470399224,0.23483633924423328
Caltech_0051490,19.798994974874372,0.5515827629286832,0.24524667796636906
Caltech_0051491,19.895,0.46616127651769884,0.2423888904004547
Caltech_0051492,19.9,0.4997041128316402,0.25470795181704764
SBL_0051557,19.9,0.7466828048821873,0.200652247501144
SBL_0051558,18.994764397905758,0.4840040153631285,0.24500625006245044
SBL_0051559,19.9,0.5127211860353897,0.2836099692743588
SBL_0051560,19.9,0.5840051756743306,0.2370440885002046
SBL_0051561,19.9,0.45803008248423094,0.25371876089210926
SBL_0051562,19.895,0.5119172341540074,0.24979932599959356
SBL_0051563,19.9,0.7033641820910456,0.24803496453775642
SBL_0051564,19.9,0.532476658969983,0.2589185262709301
SBL_0051565,19.9,0.482,0.24963304140387352
SBL_0051566,19.9,0.5253941441441441,0.24855319403301046
SBL_0051567,19.9,0.5266903301399132,0.24634992391971883
SBL_0051568,19.9,0.5042034250129735,0.27045806621120005
SBL_0051569,19.9,0.45294683335623026,0.23372051483083134
SBL_0051570,19.9,0.5003945694361683,0.23829411216506768
SBL_0051571,19.9,0.4925921454319667,0.23833574559605455
SBL_0051572,19.9,0.5248406940498194,0.2540224963164062
SBL_0051573,19.9,0.5005099114028937,0.26640273635148326
SBL_0051574,19.9,0.5401680622187789,0.23897443933616228
SBL_0051576,19.9,0.47135431222402324,0.2641941154528483
SBL_0051577,19.9,0.5010544074230282,0.21773376266460626
SBL_0051578,19.895,0.47193264610137964,0.22039204660571676
SBL_0051579,19.9,0.546168066173706,0.2664381465276023
SBL_0051580,19.9,0.6516186067070688,0.2263022259447209
SBL_0051581,19.9,0.5075633888703109,0.23316521734746043
SBL_0051582,19.9,0.5218695462478184,0.24876808580614093
SBL_0051583,19.9,0.4973373048109035,0.2603839387512913
SBL_0051584,19.9,0.5571472112160927,0.24484819881948558
SBL_0051585,19.9,0.5256017334608702,0.2503440908995318
MaxMun_a_0051607,19.9,0.4772058415236826,0.2750491894273115
